<?xml version="1.0" encoding="utf-8"?>
<VisualState xmlns:xsi="http://www.w3.org/2001/XMLSchema-instance" xmlns:xsd="http://www.w3.org/2001/XMLSchema" ShowCheckBoxes="false">
  <TopNode>[0-1017]D:\work\dbfit\impl\dotnet\bin\Debug\dbfit.dll</TopNode>
  <SelectedNode>[0-1017]D:\work\dbfit\impl\dotnet\bin\Debug\dbfit.dll</SelectedNode>
  <ExcludeCategories>false</ExcludeCategories>
  <Nodes>
    <Node UniqueName="[0-1017]D:\work\dbfit\impl\dotnet\bin\Debug\dbfit.dll" Expanded="true">
      <Nodes>
        <Node UniqueName="[0-1018]dbfit" Expanded="true">
          <Nodes>
            <Node UniqueName="[0-1020]dbfit.fixture" Expanded="true">
              <Nodes>
                <Node UniqueName="[0-1015]dbfit.fixture.ExecuteProcedureTest" Expanded="true">
                  <Nodes>
                    <Node UniqueName="[0-1016]dbfit.fixture.ExecuteProcedureTest.SortAccessorsInRightOrder" />
                  </Nodes>
                </Node>
              </Nodes>
            </Node>
            <Node UniqueName="[0-1013]dbfit.NameNormaliserTest">
              <Nodes>
                <Node UniqueName="[0-1014]dbfit.NameNormaliserTest.CheckNormaliseName" />
              </Nodes>
            </Node>
            <Node UniqueName="[0-1007]dbfit.OracleEnvironmentTest">
              <Nodes>
                <Node UniqueName="[0-1008]dbfit.OracleEnvironmentTest.CheckEmptyParams" />
                <Node UniqueName="[0-1010]dbfit.OracleEnvironmentTest.CheckMultipleParams" />
                <Node UniqueName="[0-1011]dbfit.OracleEnvironmentTest.CheckMultipleParamsRecurring" />
                <Node UniqueName="[0-1009]dbfit.OracleEnvironmentTest.CheckSingleParam" />
                <Node UniqueName="[0-1012]dbfit.OracleEnvironmentTest.CheckUnderscore" />
              </Nodes>
            </Node>
            <Node UniqueName="[0-1019]dbfit.util" Expanded="true">
              <Nodes>
                <Node UniqueName="[0-1005]dbfit.util.ByteArrayHandlerTest">
                  <Nodes>
                    <Node UniqueName="[0-1006]dbfit.util.ByteArrayHandlerTest.CheckNormaliseName" />
                  </Nodes>
                </Node>
                <Node UniqueName="[0-1000]dbfit.util.DbConnectionPropertiesTest">
                  <Nodes>
                    <Node UniqueName="[0-1004]dbfit.util.DbConnectionPropertiesTest.TestCommentsAndEmptyLines" />
                    <Node UniqueName="[0-1001]dbfit.util.DbConnectionPropertiesTest.TestWithConnectionString" />
                    <Node UniqueName="[0-1002]dbfit.util.DbConnectionPropertiesTest.TestWithConnectionStringWithEquals" />
                    <Node UniqueName="[0-1003]dbfit.util.DbConnectionPropertiesTest.TestWithSplitProperties" />
                  </Nodes>
                </Node>
              </Nodes>
            </Node>
          </Nodes>
        </Node>
      </Nodes>
    </Node>
  </Nodes>
</VisualState>