<?xml version="1.0"?>
<properties>
	<Edit/>
	<Files/>
	<LastModified>20070813075001</LastModified>
	<Properties/>
	<RecentChanges/>
	<Refactor/>
	<Search/>
	<Suite/>
	<Suites/>
	<SymbolicLinks>
		<InsertWithTableInRow>.AcceptanceTests.DotNetTests.OracleTests.StandaloneFixtures.InsertWithTableInRow</InsertWithTableInRow>
		<CleanTableWithWhere>.AcceptanceTests.DotNetTests.OracleTests.StandaloneFixtures.CleanTableWithWhere</CleanTableWithWhere>
		<CleanTable>.AcceptanceTests.DotNetTests.OracleTests.StandaloneFixtures.CleanTable</CleanTable>
	</SymbolicLinks>
	<Versions/>
	<WhereUsed/>
	<saveId>1186987801659</saveId>
	<ticketId>7785025784259012231</ticketId>
</properties>
