<?xml version="1.0"?>
<properties>
	<Edit/>
	<Files/>
	<LastModified>20080301173003</LastModified>
	<Properties/>
	<RecentChanges/>
	<Refactor/>
	<Search/>
	<Suite/>
	<Suites/>
	<SymbolicLinks>
		<NullValueAcceptedAsParameter>.AcceptanceTests.DotNetTests.OracleTests.FlowMode.NullValueAcceptedAsParameter</NullValueAcceptedAsParameter>
		<QueryWithSameParameterTwice>.AcceptanceTests.DotNetTests.OracleTests.FlowMode.QueryWithSameParameterTwice</QueryWithSameParameterTwice>
		<QueryWithParameter>.AcceptanceTests.DotNetTests.OracleTests.FlowMode.QueryWithParameter</QueryWithParameter>
		<ParametersAreLoadedAutomaticallyFromVariables>.AcceptanceTests.DotNetTests.OracleTests.FlowMode.ParametersAreLoadedAutomaticallyFromVariables</ParametersAreLoadedAutomaticallyFromVariables>
		<UpdateTests>.AcceptanceTests.DotNetTests.OracleTests.FlowMode.UpdateTests</UpdateTests>
		<BulkInsert>.AcceptanceTests.DotNetTests.OracleTests.FlowMode.BulkInsert</BulkInsert>
		<SimpleSelect>.AcceptanceTests.DotNetTests.OracleTests.FlowMode.SimpleSelect</SimpleSelect>
		<SequenceSelect>.AcceptanceTests.DotNetTests.OracleTests.FlowMode.SequenceSelect</SequenceSelect>
		<InOutParams>.AcceptanceTests.DotNetTests.OracleTests.FlowMode.InOutParams</InOutParams>
		<QueryStats>.AcceptanceTests.DotNetTests.OracleTests.FlowMode.QueryStats</QueryStats>
		<StoredProcWithException>.AcceptanceTests.DotNetTests.OracleTests.FlowMode.StoredProcWithException</StoredProcWithException>
		<SimpleStoredProc>.AcceptanceTests.DotNetTests.OracleTests.FlowMode.SimpleStoredProc</SimpleStoredProc>
		<DataTypes>.AcceptanceTests.DotNetTests.OracleTests.FlowMode.DataTypes</DataTypes>
		<OrderedQuery>.AcceptanceTests.DotNetTests.OracleTests.FlowMode.OrderedQuery</OrderedQuery>
		<ColumnMatching>.AcceptanceTests.DotNetTests.OracleTests.FlowMode.ColumnMatching</ColumnMatching>
		<ExecutingStatements>.AcceptanceTests.DotNetTests.OracleTests.FlowMode.ExecutingStatements</ExecutingStatements>
		<MultiLineQueries>.AcceptanceTests.DotNetTests.OracleTests.FlowMode.MultiLineQueries</MultiLineQueries>
		<ProcedureSynonym>.AcceptanceTests.DotNetTests.OracleTests.FlowMode.ProcedureSynonym</ProcedureSynonym>
		<ConditionalCleaning>.AcceptanceTests.DotNetTests.OracleTests.FlowMode.ConditionalCleaning</ConditionalCleaning>
		<InspectTests>.AcceptanceTests.DotNetTests.OracleTests.FlowMode.InspectTests</InspectTests>
		<ParametersArePersistent>.AcceptanceTests.DotNetTests.OracleTests.FlowMode.ParametersArePersistent</ParametersArePersistent>
		<ReadingQueryIntoVariables>.AcceptanceTests.DotNetTests.OracleTests.FlowMode.ReadingQueryIntoVariables</ReadingQueryIntoVariables>
		<UsingPipes>.AcceptanceTests.DotNetTests.OracleTests.FlowMode.UsingPipes</UsingPipes>
		<StoreAndCompareQueries>.AcceptanceTests.DotNetTests.OracleTests.FlowMode.StoreAndCompareQueries</StoreAndCompareQueries>
		<TransactionsTest>.AcceptanceTests.DotNetTests.OracleTests.FlowMode.TransactionsTest</TransactionsTest>
		<RefCursorOutput>.AcceptanceTests.DotNetTests.OracleTests.FlowMode.RefCursorOutput</RefCursorOutput>
		<QueryStored>.AcceptanceTests.DotNetTests.OracleTests.FlowMode.QueryStored</QueryStored>
		<BulkInsertWithReturning>.AcceptanceTests.DotNetTests.OracleTests.FlowMode.BulkInsertWithReturning</BulkInsertWithReturning>
		<CallingFunctions>.AcceptanceTests.DotNetTests.OracleTests.FlowMode.CallingFunctions</CallingFunctions>
		<UnknownParametersAreIgnored>.AcceptanceTests.DotNetTests.OracleTests.FlowMode.UnknownParametersAreIgnored</UnknownParametersAreIgnored>
	</SymbolicLinks>
	<Versions/>
	<WhereUsed/>
	<saveId>1185178825007</saveId>
	<ticketId>-2210587439976022050</ticketId>
</properties>
